arquivo,caminho_completo,ano,mes,intensidade_media,mediana,desvio,percentual_valido,threshold_crescimento,pixels_nulos,pixels_nodata,pixels_outliers,total_pixels,total_com_dados
Botuvera_2014_01.tif,C:\Users\gtvargas\Documents\Botuvera_noturno\Raster\Botuvera_recorte\2014\Botuvera_2014_01.tif,2014,1,0.5,0.4,0.48,99.47,0.74,8,1133,0,2655,1522
Botuvera_2014_03.tif,C:\Users\gtvargas\Documents\Botuvera_noturno\Raster\Botuvera_recorte\2014\Botuvera_2014_03.tif,2014,3,0.51,0.4,0.49,99.93,0.75,1,1133,0,2655,1522
Botuvera_2014_02.tif,C:\Users\gtvargas\Documents\Botuvera_noturno\Raster\Botuvera_recorte\2014\Botuvera_2014_02.tif,2014,2,0.53,0.4,0.64,100.0,0.85,0,1133,0,2655,1522
Botuvera_2014_04.tif,C:\Users\gtvargas\Documents\Botuvera_noturno\Raster\Botuvera_recorte\2014\Botuvera_2014_04.tif,2014,4,0.61,0.5,0.39,100.0,0.81,0,1133,0,2655,1522
Botuvera_2014_05.tif,C:\Users\gtvargas\Documents\Botuvera_noturno\Raster\Botuvera_recorte\2014\Botuvera_2014_05.tif,2014,5,0.61,0.5,0.56,100.0,0.89,0,1133,0,2655,1522
Botuvera_2014_06.tif,C:\Users\gtvargas\Documents\Botuvera_noturno\Raster\Botuvera_recorte\2014\Botuvera_2014_06.tif,2014,6,0.45,0.3,0.54,100.0,0.72,0,1133,0,2655,1522
Botuvera_2014_09.tif,C:\Users\gtvargas\Documents\Botuvera_noturno\Raster\Botuvera_recorte\2014\Botuvera_2014_09.tif,2014,9,0.59,0.5,0.6,100.0,0.89,0,1133,0,2655,1522
Botuvera_2014_07.tif,C:\Users\gtvargas\Documents\Botuvera_noturno\Raster\Botuvera_recorte\2014\Botuvera_2014_07.tif,2014,7,0.45,0.3,0.73,99.87,0.82,2,1133,0,2655,1522
Botuvera_2014_08.tif,C:\Users\gtvargas\Documents\Botuvera_noturno\Raster\Botuvera_recorte\2014\Botuvera_2014_08.tif,2014,8,0.44,0.3,0.62,100.0,0.75,0,1133,0,2655,1522
Botuvera_2014_10.tif,C:\Users\gtvargas\Documents\Botuvera_noturno\Raster\Botuvera_recorte\2014\Botuvera_2014_10.tif,2014,10,0.61,0.5,0.48,100.0,0.85,0,1133,0,2655,1522
Botuvera_2015_01.tif,C:\Users\gtvargas\Documents\Botuvera_noturno\Raster\Botuvera_recorte\2015\Botuvera_2015_01.tif,2015,1,0.43,0.3,0.62,98.49,0.74,23,1133,0,2655,1522
Botuvera_2014_11.tif,C:\Users\gtvargas\Documents\Botuvera_noturno\Raster\Botuvera_recorte\2014\Botuvera_2014_11.tif,2014,11,0.57,0.4,0.66,99.08,0.89,14,1133,0,2655,1522
Botuvera_2014_12.tif,C:\Users\gtvargas\Documents\Botuvera_noturno\Raster\Botuvera_recorte\2014\Botuvera_2014_12.tif,2014,12,0.59,0.5,0.47,100.0,0.82,0,1133,0,2655,1522
Botuvera_2015_03.tif,C:\Users\gtvargas\Documents\Botuvera_noturno\Raster\Botuvera_recorte\2015\Botuvera_2015_03.tif,2015,3,0.63,0.5,0.51,100.0,0.88,0,1133,0,2655,1522
Botuvera_2015_04.tif,C:\Users\gtvargas\Documents\Botuvera_noturno\Raster\Botuvera_recorte\2015\Botuvera_2015_04.tif,2015,4,0.65,0.55,0.51,99.93,0.9,1,1133,0,2655,1522
Botuvera_2015_02.tif,C:\Users\gtvargas\Documents\Botuvera_noturno\Raster\Botuvera_recorte\2015\Botuvera_2015_02.tif,2015,2,0.51,0.4,0.56,99.87,0.79,2,1133,0,2655,1522
Botuvera_2015_06.tif,C:\Users\gtvargas\Documents\Botuvera_noturno\Raster\Botuvera_recorte\2015\Botuvera_2015_06.tif,2015,6,0.56,0.4,0.6,100.0,0.87,0,1133,0,2655,1522
Botuvera_2015_07.tif,C:\Users\gtvargas\Documents\Botuvera_noturno\Raster\Botuvera_recorte\2015\Botuvera_2015_07.tif,2015,7,0.53,0.4,0.68,99.74,0.87,4,1133,0,2655,1522
Botuvera_2015_08.tif,C:\Users\gtvargas\Documents\Botuvera_noturno\Raster\Botuvera_recorte\2015\Botuvera_2015_08.tif,2015,8,0.42,0.3,0.73,95.14,0.79,74,1133,0,2655,1522
Botuvera_2015_05.tif,C:\Users\gtvargas\Documents\Botuvera_noturno\Raster\Botuvera_recorte\2015\Botuvera_2015_05.tif,2015,5,0.63,0.5,0.45,100.0,0.86,0,1133,0,2655,1522
Botuvera_2015_10.tif,C:\Users\gtvargas\Documents\Botuvera_noturno\Raster\Botuvera_recorte\2015\Botuvera_2015_10.tif,2015,10,1.93,0.6,2.53,69.97,3.19,445,1133,0,2655,1522
Botuvera_2015_09.tif,C:\Users\gtvargas\Documents\Botuvera_noturno\Raster\Botuvera_recorte\2015\Botuvera_2015_09.tif,2015,9,0.49,0.3,0.74,99.8,0.86,3,1133,0,2655,1522
Botuvera_2015_11.tif,C:\Users\gtvargas\Documents\Botuvera_noturno\Raster\Botuvera_recorte\2015\Botuvera_2015_11.tif,2015,11,0.68,0.5,0.76,98.36,1.06,19,1133,0,2655,1522
Botuvera_2015_12.tif,C:\Users\gtvargas\Documents\Botuvera_noturno\Raster\Botuvera_recorte\2015\Botuvera_2015_12.tif,2015,12,0.82,0.35,1.33,93.69,1.49,29,1133,0,2655,1522
Botuvera_2016_02.tif,C:\Users\gtvargas\Documents\Botuvera_noturno\Raster\Botuvera_recorte\2016\Botuvera_2016_02.tif,2016,2,0.89,0.6,1.02,99.47,1.4,8,1133,0,2655,1522
Botuvera_2016_01.tif,C:\Users\gtvargas\Documents\Botuvera_noturno\Raster\Botuvera_recorte\2016\Botuvera_2016_01.tif,2016,1,0.4,0.3,0.63,91.26,0.71,133,1133,0,2655,1522
Botuvera_2016_04.tif,C:\Users\gtvargas\Documents\Botuvera_noturno\Raster\Botuvera_recorte\2016\Botuvera_2016_04.tif,2016,4,0.64,0.5,0.58,100.0,0.93,0,1133,0,2655,1522
Botuvera_2016_03.tif,C:\Users\gtvargas\Documents\Botuvera_noturno\Raster\Botuvera_recorte\2016\Botuvera_2016_03.tif,2016,3,0.58,0.45,0.65,100.0,0.91,0,1133,0,2655,1522
Botuvera_2016_05.tif,C:\Users\gtvargas\Documents\Botuvera_noturno\Raster\Botuvera_recorte\2016\Botuvera_2016_05.tif,2016,5,0.68,0.55,0.69,100.0,1.02,0,1133,0,2655,1522
Botuvera_2016_06.tif,C:\Users\gtvargas\Documents\Botuvera_noturno\Raster\Botuvera_recorte\2016\Botuvera_2016_06.tif,2016,6,0.45,0.25,0.78,100.0,0.84,0,1133,0,2655,1522
Botuvera_2016_07.tif,C:\Users\gtvargas\Documents\Botuvera_noturno\Raster\Botuvera_recorte\2016\Botuvera_2016_07.tif,2016,7,0.4,0.2,0.71,100.0,0.75,0,1133,0,2655,1522
Botuvera_2016_08.tif,C:\Users\gtvargas\Documents\Botuvera_noturno\Raster\Botuvera_recorte\2016\Botuvera_2016_08.tif,2016,8,0.45,0.3,0.73,99.74,0.81,0,1133,0,2655,1522
Botuvera_2016_09.tif,C:\Users\gtvargas\Documents\Botuvera_noturno\Raster\Botuvera_recorte\2016\Botuvera_2016_09.tif,2016,9,0.44,0.25,0.73,100.0,0.81,0,1133,0,2655,1522
Botuvera_2016_12.tif,C:\Users\gtvargas\Documents\Botuvera_noturno\Raster\Botuvera_recorte\2016\Botuvera_2016_12.tif,2016,12,0.66,0.5,0.6,100.0,0.96,0,1133,0,2655,1522
Botuvera_2016_10.tif,C:\Users\gtvargas\Documents\Botuvera_noturno\Raster\Botuvera_recorte\2016\Botuvera_2016_10.tif,2016,10,0.64,0.5,0.54,99.41,0.91,4,1133,0,2655,1522
Botuvera_2016_11.tif,C:\Users\gtvargas\Documents\Botuvera_noturno\Raster\Botuvera_recorte\2016\Botuvera_2016_11.tif,2016,11,0.61,0.5,0.5,99.93,0.87,1,1133,0,2655,1522
Botuvera_2017_01.tif,C:\Users\gtvargas\Documents\Botuvera_noturno\Raster\Botuvera_recorte\2017\Botuvera_2017_01.tif,2017,1,0.41,0.2,0.7,97.24,0.76,42,1133,0,2655,1522
Botuvera_2017_02.tif,C:\Users\gtvargas\Documents\Botuvera_noturno\Raster\Botuvera_recorte\2017\Botuvera_2017_02.tif,2017,2,0.51,0.4,0.53,100.0,0.77,0,1133,0,2655,1522
Botuvera_2017_03.tif,C:\Users\gtvargas\Documents\Botuvera_noturno\Raster\Botuvera_recorte\2017\Botuvera_2017_03.tif,2017,3,0.43,0.3,0.51,99.93,0.68,1,1133,0,2655,1522
Botuvera_2017_04.tif,C:\Users\gtvargas\Documents\Botuvera_noturno\Raster\Botuvera_recorte\2017\Botuvera_2017_04.tif,2017,4,0.64,0.5,0.64,100.0,0.96,0,1133,0,2655,1522
Botuvera_2017_05.tif,C:\Users\gtvargas\Documents\Botuvera_noturno\Raster\Botuvera_recorte\2017\Botuvera_2017_05.tif,2017,5,0.86,0.6,1.1,99.87,1.41,2,1133,0,2655,1522
Botuvera_2017_06.tif,C:\Users\gtvargas\Documents\Botuvera_noturno\Raster\Botuvera_recorte\2017\Botuvera_2017_06.tif,2017,6,0.56,0.5,0.6,98.69,0.85,20,1133,0,2655,1522
Botuvera_2017_07.tif,C:\Users\gtvargas\Documents\Botuvera_noturno\Raster\Botuvera_recorte\2017\Botuvera_2017_07.tif,2017,7,0.48,0.3,0.73,99.93,0.84,1,1133,0,2655,1522
Botuvera_2017_10.tif,C:\Users\gtvargas\Documents\Botuvera_noturno\Raster\Botuvera_recorte\2017\Botuvera_2017_10.tif,2017,10,0.5,0.4,0.66,98.82,0.83,18,1133,0,2655,1522
Botuvera_2017_08.tif,C:\Users\gtvargas\Documents\Botuvera_noturno\Raster\Botuvera_recorte\2017\Botuvera_2017_08.tif,2017,8,0.46,0.3,0.68,98.03,0.8,30,1133,0,2655,1522
Botuvera_2017_09.tif,C:\Users\gtvargas\Documents\Botuvera_noturno\Raster\Botuvera_recorte\2017\Botuvera_2017_09.tif,2017,9,0.61,0.4,0.76,98.36,0.99,6,1133,0,2655,1522
Botuvera_2017_11.tif,C:\Users\gtvargas\Documents\Botuvera_noturno\Raster\Botuvera_recorte\2017\Botuvera_2017_11.tif,2017,11,0.59,0.4,0.69,100.0,0.93,0,1133,0,2655,1522
Botuvera_2017_12.tif,C:\Users\gtvargas\Documents\Botuvera_noturno\Raster\Botuvera_recorte\2017\Botuvera_2017_12.tif,2017,12,0.67,0.55,0.52,99.8,0.93,3,1133,0,2655,1522
Botuvera_2018_01.tif,C:\Users\gtvargas\Documents\Botuvera_noturno\Raster\Botuvera_recorte\2018\Botuvera_2018_01.tif,2018,1,0.37,0.2,0.57,82.98,0.66,259,1133,0,2655,1522
Botuvera_2018_02.tif,C:\Users\gtvargas\Documents\Botuvera_noturno\Raster\Botuvera_recorte\2018\Botuvera_2018_02.tif,2018,2,0.57,0.4,0.71,99.74,0.92,4,1133,0,2655,1522
Botuvera_2018_03.tif,C:\Users\gtvargas\Documents\Botuvera_noturno\Raster\Botuvera_recorte\2018\Botuvera_2018_03.tif,2018,3,0.42,0.3,0.6,93.82,0.72,94,1133,0,2655,1522
Botuvera_2018_07.tif,C:\Users\gtvargas\Documents\Botuvera_noturno\Raster\Botuvera_recorte\2018\Botuvera_2018_07.tif,2018,7,0.53,0.35,0.76,100.0,0.91,0,1133,0,2655,1522
Botuvera_2018_05.tif,C:\Users\gtvargas\Documents\Botuvera_noturno\Raster\Botuvera_recorte\2018\Botuvera_2018_05.tif,2018,5,0.66,0.5,0.64,100.0,0.98,0,1133,0,2655,1522
Botuvera_2018_08.tif,C:\Users\gtvargas\Documents\Botuvera_noturno\Raster\Botuvera_recorte\2018\Botuvera_2018_08.tif,2018,8,0.42,0.25,0.68,98.16,0.76,28,1133,0,2655,1522
Botuvera_2018_06.tif,C:\Users\gtvargas\Documents\Botuvera_noturno\Raster\Botuvera_recorte\2018\Botuvera_2018_06.tif,2018,6,0.5,0.4,0.61,100.0,0.81,0,1133,0,2655,1522
Botuvera_2018_09.tif,C:\Users\gtvargas\Documents\Botuvera_noturno\Raster\Botuvera_recorte\2018\Botuvera_2018_09.tif,2018,9,0.43,0.3,0.57,99.01,0.71,15,1133,0,2655,1522
Botuvera_2018_04.tif,C:\Users\gtvargas\Documents\Botuvera_noturno\Raster\Botuvera_recorte\2018\Botuvera_2018_04.tif,2018,4,0.53,0.4,0.57,100.0,0.81,0,1133,0,2655,1522
Botuvera_2018_11.tif,C:\Users\gtvargas\Documents\Botuvera_noturno\Raster\Botuvera_recorte\2018\Botuvera_2018_11.tif,2018,11,0.52,0.4,0.56,98.29,0.8,26,1133,0,2655,1522
Botuvera_2019_01.tif,C:\Users\gtvargas\Documents\Botuvera_noturno\Raster\Botuvera_recorte\2019\Botuvera_2019_01.tif,2019,1,0.41,0.3,0.48,92.25,0.65,118,1133,0,2655,1522
Botuvera_2018_12.tif,C:\Users\gtvargas\Documents\Botuvera_noturno\Raster\Botuvera_recorte\2018\Botuvera_2018_12.tif,2018,12,0.44,0.3,0.58,99.08,0.73,14,1133,0,2655,1522
Botuvera_2019_02.tif,C:\Users\gtvargas\Documents\Botuvera_noturno\Raster\Botuvera_recorte\2019\Botuvera_2019_02.tif,2019,2,0.44,0.3,0.57,96.12,0.72,59,1133,0,2655,1522
Botuvera_2019_03.tif,C:\Users\gtvargas\Documents\Botuvera_noturno\Raster\Botuvera_recorte\2019\Botuvera_2019_03.tif,2019,3,0.44,0.3,0.46,99.93,0.67,1,1133,0,2655,1522
Botuvera_2018_10.tif,C:\Users\gtvargas\Documents\Botuvera_noturno\Raster\Botuvera_recorte\2018\Botuvera_2018_10.tif,2018,10,0.96,0.45,1.67,93.3,1.79,101,1133,0,2655,1522
Botuvera_2019_04.tif,C:\Users\gtvargas\Documents\Botuvera_noturno\Raster\Botuvera_recorte\2019\Botuvera_2019_04.tif,2019,4,0.6,0.45,0.65,100.0,0.92,0,1133,0,2655,1522
Botuvera_2019_05.tif,C:\Users\gtvargas\Documents\Botuvera_noturno\Raster\Botuvera_recorte\2019\Botuvera_2019_05.tif,2019,5,0.68,0.55,0.61,98.49,0.98,23,1133,0,2655,1522
Botuvera_2019_06.tif,C:\Users\gtvargas\Documents\Botuvera_noturno\Raster\Botuvera_recorte\2019\Botuvera_2019_06.tif,2019,6,0.53,0.4,0.65,100.0,0.86,0,1133,0,2655,1522
Botuvera_2019_09.tif,C:\Users\gtvargas\Documents\Botuvera_noturno\Raster\Botuvera_recorte\2019\Botuvera_2019_09.tif,2019,9,0.56,0.4,0.76,98.62,0.94,2,1133,0,2655,1522
Botuvera_2019_07.tif,C:\Users\gtvargas\Documents\Botuvera_noturno\Raster\Botuvera_recorte\2019\Botuvera_2019_07.tif,2019,7,0.46,0.25,0.75,99.74,0.83,4,1133,0,2655,1522
Botuvera_2019_08.tif,C:\Users\gtvargas\Documents\Botuvera_noturno\Raster\Botuvera_recorte\2019\Botuvera_2019_08.tif,2019,8,0.44,0.3,0.57,99.74,0.72,4,1133,0,2655,1522
Botuvera_2019_11.tif,C:\Users\gtvargas\Documents\Botuvera_noturno\Raster\Botuvera_recorte\2019\Botuvera_2019_11.tif,2019,11,0.5,0.4,0.54,99.93,0.77,1,1133,0,2655,1522
Botuvera_2019_10.tif,C:\Users\gtvargas\Documents\Botuvera_noturno\Raster\Botuvera_recorte\2019\Botuvera_2019_10.tif,2019,10,0.84,0.5,0.88,99.41,1.28,0,1133,0,2655,1522
Botuvera_2019_12.tif,C:\Users\gtvargas\Documents\Botuvera_noturno\Raster\Botuvera_recorte\2019\Botuvera_2019_12.tif,2019,12,0.54,0.4,0.58,99.93,0.83,1,1133,0,2655,1522
Botuvera_2020_01.tif,C:\Users\gtvargas\Documents\Botuvera_noturno\Raster\Botuvera_recorte\2020\Botuvera_2020_01.tif,2020,1,0.48,0.4,0.56,98.69,0.76,20,1133,0,2655,1522
Botuvera_2020_02.tif,C:\Users\gtvargas\Documents\Botuvera_noturno\Raster\Botuvera_recorte\2020\Botuvera_2020_02.tif,2020,2,0.54,0.4,0.64,100.0,0.86,0,1133,0,2655,1522
Botuvera_2020_03.tif,C:\Users\gtvargas\Documents\Botuvera_noturno\Raster\Botuvera_recorte\2020\Botuvera_2020_03.tif,2020,3,0.47,0.3,0.65,99.93,0.79,1,1133,0,2655,1522
Botuvera_2020_04.tif,C:\Users\gtvargas\Documents\Botuvera_noturno\Raster\Botuvera_recorte\2020\Botuvera_2020_04.tif,2020,4,0.46,0.3,0.73,99.28,0.82,11,1133,0,2655,1522
Botuvera_2020_07.tif,C:\Users\gtvargas\Documents\Botuvera_noturno\Raster\Botuvera_recorte\2020\Botuvera_2020_07.tif,2020,7,0.4,0.15,0.8,53.35,0.8,710,1133,0,2655,1522
Botuvera_2020_05.tif,C:\Users\gtvargas\Documents\Botuvera_noturno\Raster\Botuvera_recorte\2020\Botuvera_2020_05.tif,2020,5,0.36,0.15,0.68,97.57,0.7,37,1133,0,2655,1522
Botuvera_2020_06.tif,C:\Users\gtvargas\Documents\Botuvera_noturno\Raster\Botuvera_recorte\2020\Botuvera_2020_06.tif,2020,6,0.33,0.15,0.59,95.4,0.62,70,1133,0,2655,1522
Botuvera_2020_10.tif,C:\Users\gtvargas\Documents\Botuvera_noturno\Raster\Botuvera_recorte\2020\Botuvera_2020_10.tif,2020,10,0.38,0.2,0.52,95.86,0.64,63,1133,0,2655,1522
Botuvera_2020_08.tif,C:\Users\gtvargas\Documents\Botuvera_noturno\Raster\Botuvera_recorte\2020\Botuvera_2020_08.tif,2020,8,0.38,0.15,0.78,69.71,0.77,461,1133,0,2655,1522
Botuvera_2020_11.tif,C:\Users\gtvargas\Documents\Botuvera_noturno\Raster\Botuvera_recorte\2020\Botuvera_2020_11.tif,2020,11,0.49,0.3,0.67,98.42,0.82,24,1133,0,2655,1522
Botuvera_2020_12.tif,C:\Users\gtvargas\Documents\Botuvera_noturno\Raster\Botuvera_recorte\2020\Botuvera_2020_12.tif,2020,12,0.44,0.3,0.63,90.08,0.75,151,1133,0,2655,1522
Botuvera_2021_03.tif,C:\Users\gtvargas\Documents\Botuvera_noturno\Raster\Botuvera_recorte\2021\Botuvera_2021_03.tif,2021,3,0.47,0.3,0.88,94.02,0.91,91,1133,0,2655,1522
Botuvera_2021_01.tif,C:\Users\gtvargas\Documents\Botuvera_noturno\Raster\Botuvera_recorte\2021\Botuvera_2021_01.tif,2021,1,0.5,0.3,1.15,97.31,1.07,30,1133,0,2655,1522
Botuvera_2021_04.tif,C:\Users\gtvargas\Documents\Botuvera_noturno\Raster\Botuvera_recorte\2021\Botuvera_2021_04.tif,2021,4,0.44,0.3,0.76,98.16,0.82,28,1133,0,2655,1522
Botuvera_2021_02.tif,C:\Users\gtvargas\Documents\Botuvera_noturno\Raster\Botuvera_recorte\2021\Botuvera_2021_02.tif,2021,2,0.41,0.15,0.95,70.96,0.89,442,1133,0,2655,1522
Botuvera_2021_06.tif,C:\Users\gtvargas\Documents\Botuvera_noturno\Raster\Botuvera_recorte\2021\Botuvera_2021_06.tif,2021,6,0.46,0.2,1.12,97.37,1.02,40,1133,0,2655,1522
Botuvera_2021_08.tif,C:\Users\gtvargas\Documents\Botuvera_noturno\Raster\Botuvera_recorte\2021\Botuvera_2021_08.tif,2021,8,0.43,0.3,0.46,99.67,0.66,5,1133,0,2655,1522
Botuvera_2021_05.tif,C:\Users\gtvargas\Documents\Botuvera_noturno\Raster\Botuvera_recorte\2021\Botuvera_2021_05.tif,2021,5,0.44,0.3,0.92,97.9,0.9,32,1133,0,2655,1522
Botuvera_2021_07.tif,C:\Users\gtvargas\Documents\Botuvera_noturno\Raster\Botuvera_recorte\2021\Botuvera_2021_07.tif,2021,7,0.41,0.1,1.4,79.24,1.11,316,1133,0,2655,1522
Botuvera_2021_09.tif,C:\Users\gtvargas\Documents\Botuvera_noturno\Raster\Botuvera_recorte\2021\Botuvera_2021_09.tif,2021,9,0.42,0.2,1.06,96.39,0.95,55,1133,0,2655,1522
Botuvera_2021_10.tif,C:\Users\gtvargas\Documents\Botuvera_noturno\Raster\Botuvera_recorte\2021\Botuvera_2021_10.tif,2021,10,0.67,0.3,1.47,94.22,1.41,81,1133,0,2655,1522
Botuvera_2021_11.tif,C:\Users\gtvargas\Documents\Botuvera_noturno\Raster\Botuvera_recorte\2021\Botuvera_2021_11.tif,2021,11,0.61,0.5,0.53,100.0,0.87,0,1133,0,2655,1522
Botuvera_2021_12.tif,C:\Users\gtvargas\Documents\Botuvera_noturno\Raster\Botuvera_recorte\2021\Botuvera_2021_12.tif,2021,12,0.51,0.3,1.12,99.28,1.06,11,1133,0,2655,1522
Botuvera_2022_01.tif,C:\Users\gtvargas\Documents\Botuvera_noturno\Raster\Botuvera_recorte\2022\Botuvera_2022_01.tif,2022,1,0.44,0.25,0.88,98.82,0.88,18,1133,0,2655,1522
Botuvera_2022_04.tif,C:\Users\gtvargas\Documents\Botuvera_noturno\Raster\Botuvera_recorte\2022\Botuvera_2022_04.tif,2022,4,0.68,0.55,0.86,97.63,1.11,36,1133,0,2655,1522
Botuvera_2022_03.tif,C:\Users\gtvargas\Documents\Botuvera_noturno\Raster\Botuvera_recorte\2022\Botuvera_2022_03.tif,2022,3,1.28,0.6,1.43,100.0,1.99,0,1133,0,2655,1522
Botuvera_2022_02.tif,C:\Users\gtvargas\Documents\Botuvera_noturno\Raster\Botuvera_recorte\2022\Botuvera_2022_02.tif,2022,2,0.49,0.3,0.81,98.36,0.89,25,1133,0,2655,1522
Botuvera_2022_05.tif,C:\Users\gtvargas\Documents\Botuvera_noturno\Raster\Botuvera_recorte\2022\Botuvera_2022_05.tif,2022,5,0.65,0.5,0.88,99.93,1.09,1,1133,0,2655,1522
Botuvera_2022_07.tif,C:\Users\gtvargas\Documents\Botuvera_noturno\Raster\Botuvera_recorte\2022\Botuvera_2022_07.tif,2022,7,0.5,0.3,0.88,98.55,0.94,22,1133,0,2655,1522
Botuvera_2022_06.tif,C:\Users\gtvargas\Documents\Botuvera_noturno\Raster\Botuvera_recorte\2022\Botuvera_2022_06.tif,2022,6,0.51,0.3,1.17,100.0,1.1,0,1133,0,2655,1522
Botuvera_2022_08.tif,C:\Users\gtvargas\Documents\Botuvera_noturno\Raster\Botuvera_recorte\2022\Botuvera_2022_08.tif,2022,8,0.52,0.3,0.92,99.93,0.98,1,1133,0,2655,1522
Botuvera_2022_09.tif,C:\Users\gtvargas\Documents\Botuvera_noturno\Raster\Botuvera_recorte\2022\Botuvera_2022_09.tif,2022,9,0.67,0.5,1.34,100.0,1.34,0,1133,0,2655,1522
Botuvera_2022_10.tif,C:\Users\gtvargas\Documents\Botuvera_noturno\Raster\Botuvera_recorte\2022\Botuvera_2022_10.tif,2022,10,0.61,0.4,1.0,99.8,1.11,3,1133,0,2655,1522
Botuvera_2022_11.tif,C:\Users\gtvargas\Documents\Botuvera_noturno\Raster\Botuvera_recorte\2022\Botuvera_2022_11.tif,2022,11,0.56,0.4,0.9,100.0,1.01,0,1133,0,2655,1522
Botuvera_2022_12.tif,C:\Users\gtvargas\Documents\Botuvera_noturno\Raster\Botuvera_recorte\2022\Botuvera_2022_12.tif,2022,12,0.55,0.4,0.79,100.0,0.94,0,1133,0,2655,1522
Botuvera_2023_01.tif,C:\Users\gtvargas\Documents\Botuvera_noturno\Raster\Botuvera_recorte\2023\Botuvera_2023_01.tif,2023,1,0.53,0.4,0.74,98.82,0.9,18,1133,0,2655,1522
Botuvera_2023_02.tif,C:\Users\gtvargas\Documents\Botuvera_noturno\Raster\Botuvera_recorte\2023\Botuvera_2023_02.tif,2023,2,0.64,0.5,0.95,99.93,1.12,1,1133,0,2655,1522
Botuvera_2023_05.tif,C:\Users\gtvargas\Documents\Botuvera_noturno\Raster\Botuvera_recorte\2023\Botuvera_2023_05.tif,2023,5,0.68,0.5,1.03,100.0,1.19,0,1133,0,2655,1522
Botuvera_2023_03.tif,C:\Users\gtvargas\Documents\Botuvera_noturno\Raster\Botuvera_recorte\2023\Botuvera_2023_03.tif,2023,3,0.58,0.4,0.73,100.0,0.94,0,1133,0,2655,1522
Botuvera_2023_04.tif,C:\Users\gtvargas\Documents\Botuvera_noturno\Raster\Botuvera_recorte\2023\Botuvera_2023_04.tif,2023,4,0.74,0.55,0.87,100.0,1.17,0,1133,0,2655,1522
Botuvera_2023_06.tif,C:\Users\gtvargas\Documents\Botuvera_noturno\Raster\Botuvera_recorte\2023\Botuvera_2023_06.tif,2023,6,0.64,0.45,1.05,100.0,1.17,0,1133,0,2655,1522
Botuvera_2023_08.tif,C:\Users\gtvargas\Documents\Botuvera_noturno\Raster\Botuvera_recorte\2023\Botuvera_2023_08.tif,2023,8,0.61,0.45,0.75,100.0,0.99,0,1133,0,2655,1522
Botuvera_2023_07.tif,C:\Users\gtvargas\Documents\Botuvera_noturno\Raster\Botuvera_recorte\2023\Botuvera_2023_07.tif,2023,7,0.79,0.6,1.22,99.93,1.4,1,1133,0,2655,1522
Botuvera_2023_09.tif,C:\Users\gtvargas\Documents\Botuvera_noturno\Raster\Botuvera_recorte\2023\Botuvera_2023_09.tif,2023,9,0.52,0.3,1.02,99.41,1.03,9,1133,0,2655,1522
Botuvera_2023_10.tif,C:\Users\gtvargas\Documents\Botuvera_noturno\Raster\Botuvera_recorte\2023\Botuvera_2023_10.tif,2023,10,1.83,1.0,2.39,10.45,3.03,38,1133,0,2655,1522
Botuvera_2023_11.tif,C:\Users\gtvargas\Documents\Botuvera_noturno\Raster\Botuvera_recorte\2023\Botuvera_2023_11.tif,2023,11,0.72,0.6,0.63,100.0,1.03,0,1133,0,2655,1522
Botuvera_2023_12.tif,C:\Users\gtvargas\Documents\Botuvera_noturno\Raster\Botuvera_recorte\2023\Botuvera_2023_12.tif,2023,12,0.5,0.4,0.63,99.15,0.82,13,1133,0,2655,1522
Botuvera_2024_01.tif,C:\Users\gtvargas\Documents\Botuvera_noturno\Raster\Botuvera_recorte\2024\Botuvera_2024_01.tif,2024,1,0.66,0.55,0.59,99.93,0.96,1,1133,0,2655,1522
Botuvera_2024_02.tif,C:\Users\gtvargas\Documents\Botuvera_noturno\Raster\Botuvera_recorte\2024\Botuvera_2024_02.tif,2024,2,0.54,0.4,0.74,100.0,0.91,0,1133,0,2655,1522
Botuvera_2024_03.tif,C:\Users\gtvargas\Documents\Botuvera_noturno\Raster\Botuvera_recorte\2024\Botuvera_2024_03.tif,2024,3,0.7,0.5,0.92,98.82,1.16,13,1133,0,2655,1522
Botuvera_2024_05.tif,C:\Users\gtvargas\Documents\Botuvera_noturno\Raster\Botuvera_recorte\2024\Botuvera_2024_05.tif,2024,5,0.49,0.35,0.93,95.53,0.96,68,1133,0,2655,1522
Botuvera_2024_04.tif,C:\Users\gtvargas\Documents\Botuvera_noturno\Raster\Botuvera_recorte\2024\Botuvera_2024_04.tif,2024,4,0.65,0.5,1.12,99.8,1.21,3,1133,0,2655,1522
Botuvera_2024_06.tif,C:\Users\gtvargas\Documents\Botuvera_noturno\Raster\Botuvera_recorte\2024\Botuvera_2024_06.tif,2024,6,0.52,0.35,0.84,99.74,0.95,4,1133,0,2655,1522
Botuvera_2024_07.tif,C:\Users\gtvargas\Documents\Botuvera_noturno\Raster\Botuvera_recorte\2024\Botuvera_2024_07.tif,2024,7,0.47,0.3,0.89,94.61,0.91,82,1133,0,2655,1522
Botuvera_2024_08.tif,C:\Users\gtvargas\Documents\Botuvera_noturno\Raster\Botuvera_recorte\2024\Botuvera_2024_08.tif,2024,8,0.57,0.4,0.6,100.0,0.87,0,1133,0,2655,1522
Botuvera_2024_09.tif,C:\Users\gtvargas\Documents\Botuvera_noturno\Raster\Botuvera_recorte\2024\Botuvera_2024_09.tif,2024,9,0.5,0.4,0.4,99.93,0.69,1,1133,0,2655,1522
Botuvera_2024_10.tif,C:\Users\gtvargas\Documents\Botuvera_noturno\Raster\Botuvera_recorte\2024\Botuvera_2024_10.tif,2024,10,0.69,0.55,0.68,99.54,1.03,7,1133,0,2655,1522
Botuvera_2024_11.tif,C:\Users\gtvargas\Documents\Botuvera_noturno\Raster\Botuvera_recorte\2024\Botuvera_2024_11.tif,2024,11,0.86,0.7,0.79,99.93,1.25,1,1133,0,2655,1522
Botuvera_2024_12.tif,C:\Users\gtvargas\Documents\Botuvera_noturno\Raster\Botuvera_recorte\2024\Botuvera_2024_12.tif,2024,12,0.57,0.35,0.81,61.04,0.97,593,1133,0,2655,1522
